{
"items": [
    {
        "url": "images/picture6.jpg",
        "caption": "Image 1 Caption"
    },
    {
        "url": "images/picture5.jpg",
        "caption": "Image 2 Caption"
    },
    {
        "url": "images/picture4.jpg",
        "caption": "Image 3 Caption"
    },
    {
        "url": "images/picture3.jpg",
        "caption": "Image 4 Caption"
    },
    {
        "url": "images/picture2.jpg",
        "caption": "Image 5 Caption"
    },
    {
        "url": "images/picture1.jpg",
        "caption": "Image 6 Caption"
    },
    {
        "url": "images/picture6.jpg",
        "caption": "Image 7 Caption"
    },
    {
        "url": "images/picture4.jpg",
        "caption": "Image 8 Caption"
    }
]
}