{
  "installation": [
    {
      "key": "First",
      "value": "Heating cables & mats"
    },{
      "key": "Second",
      "value": "Channels & Accessories"
    },{
      "key": "Last",
      "value": "Cable Support Systems"
    }
  ],
  "distributor": [
    {
      "key": "First",
      "value": "securing material"
    },{
      "key": "Second",
      "value": "Distributors & cabinets"
    },{
      "key": "Last",
      "value": "Cable Support Systems"
    }
  ],
  "data":
    [{
        "id": "1",
        "category": {
          "one": "3M",
          "two": "4M",
          "three": "5m"
        }

      },
      {
        "id": "2",
        "category": {
          "one": "Adam Hermann",
          "two": "ADC  Home Appliances",
          "three": "AEG-Haus GGagfeo",
          "four": "AgroAIS GMBH"

        }
      },
      {
        "id": "3",
        "category": {
          "one": "Baumer",
          "two": "Beckhoff",
          "three": "BEGABELIMO",
          "four": "Bendermountain",
          "five": "BERKER"

        }
      },
      {
        "id": "4",
        "category": {
          "one": "Captron",
          "two": "CEAGCELLPACK",
          "three": "Conta-Clip"
          

        }
      },
      {
        "id": "5",
        "category": {
          "one": "de",
          "two": "Devi",
          "three": "Dqube"
          

        }
      },
      {
        "id": "6",
        "category": {
          "one": "Eldat",
          "two": "Electro",
          "three": "Elektra Tailfingen"
          

        }
      },
      {
        "id": "7",
        "category": {
          "one": "F-TRONIC W.",
          "two": "FOHS GMBH ENSHEIM-fakir",
          "three": "Feldtmann"
          

        }
      },
      {
        "id": "8",
        "category": {
          "one": "GIRAGMWGorenje",
          "two": "Gigaset",
          "three": "Gigaset Elements"
       }
      },
      {
        "id": "9",
        "category": {
          "one": "Harting",
          "two": "Havells Sylvania",
          "three": "Heat Scope"
       }
      },
      {
        "id": "10",
        "category": {
          "one": "Intercable",
          "two": "INTER CABLEIPF",
          "three": "IsmetIssendorffISV"
       }
      },
      {
        "id": "11",
        "category": {
          "one": "JacobJB-Automation",
          "two": "IJEWO",
          "three": "Jumo"
       }
      },
      {
        "id": "12",
        "category": {
          "one": "Kroschke",
          "two": "Krups",
          "three": "Kunzer GmbH"
       }
      },
      {
        "id": "13",
        "category": {
          "one": "Legrand",
          "two": "LegrandLenze",
          "three": "LEONI"
       }
      },
      {
        "id": "14",
        "category": {
          "one": "Maico",
          "two": "MarckophonMaurer",
          "three": "Melitta"
       }
      },
      {
        "id": "15",
        "category": {
          "one": "Narva",
          "two": " NEFF",
          "three": "Niedax"
       }
      },
      {
        "id": "16",
        "category": {
          "one": "OBO Bettermann",
          "two": " ONEFF",
          "three": "ONiedax"
       }
      },
      {
        "id": "17",
        "category": {
          "one": "PHILIPS  Contactmushroom",
          "two": " Phoenix",
          "three": "PHILIPS"
       }
      },
      {
        "id": "18",
        "category": {
          "one": "Qctmushroom",
          "two": " Q",
          "three": "QQQ"
       }
      },
      {
        "id": "19",
        "category": {
          "one": "Regiolux",
          "two": "Rademacherradium",
          "three": "RAFI"
       }
      },
      {
        "id": "20",
        "category": {
          "one": "Setec",
          "two": "Severin",
          "three": "SHARP"
       }
      },
      {
        "id": "21",
        "category": {
          "one": "TCS door control ",
          "two": "Tefal ",
          "three": "Tele"
       }
      },
      {
        "id": "22",
        "category": {
          "one": "Unold "
       
       }
      },
      {
        "id": "23",
        "category": {
          "one": "Vaillant ",
          "two": "VARTA ",
          "three": "VENTA"
       
       }
      },
      {
        "id": "24",
        "category": {
          "one": "White  ",
          "two": "Willy Meyer + son ",
          "three": "WHDwhirlpool"
       
       }
      },
      {
        "id": "25",
        "category": {
          "one": "xray  "
                
       }
      },{
        "id": "26",
        "category": {
          "one": "YYY "
      
       }
      },
      {
        "id": "27",
        "category": {
          "one": "ZZZZ "
      
       }
      }
      ]
 }
