{
  "data":
    [{
        "id": 1,
        "category": {
          "one": "Heating mat",
          "two": "Heating tape",
          "three": "Equipment for heating tapes"
        }

      },
      {
        "id": 2,
        "category": {
          "one": "Hea",
          "two": "Heat",
          "three": "Equ tapes"

        }
      },
      {
        "id": 3,
        "category": {
          "one": "Thin-bed heating",
          "two": "Floor heating",
          "three": "Underfloor heating "

        }
      }

      ]
  
}