[
    {
        "zipcode": "01262",    
        "city": "Stockbridge",
        "county": "Berkshire"
    },
    {
        "zipcode": "02881",
        "city": "Kingston",
        "county": "Washington"
    },
    {
        "zipcode": "03470",
        "city": "Winchester",
        "county": "Cheshire"
    },
    {
        "zipcode": "14477",
        "city": "Kent",
        "county": "Orleans"
    },
    {
        "zipcode": "28652",
        "city": "Minneapolis",
        "county": "France"
    },    
    {
        "zipcode": "98101",
        "city": "Seattle",
        "county": "Paris"
    }
    ,
    {
        "zipcode": "78952",
        "city": "Minneapolis",
        "county": "Spain"
    },    
    {
        "zipcode": "14253",
        "city": "Seattle",
        "county": "Brazil"
    },
    {
        "zipcode": "78965",
        "city": "Minneapolis",
        "county": "Avery"
    },    
    {
        "zipcode": "52147",
        "city": "Seattle",
        "county": "King"
    },
    {
        "zipcode": "63521",
        "city": "Minneapolis",
        "county": "Avery"
    },    
    {
        "zipcode": "98101",
        "city": "nnn",
        "county": "King"
    },
    {
        "zipcode": "28652",
        "city": "hnn",
        "county": "Neer"
    },    
    {
        "zipcode": "89110",
        "city": "Seattle",
        "county": "Miti"
    },
    {
        "zipcode": "12587",
        "city": "Minneapolis",
        "county": "Satt"
    },    
    {
        "zipcode": "98101",
        "city": "oo",
        "county": "Queen"
    },
    {
        "zipcode": "28652",
        "city": "jj",
        "county": "Serry"
    },    
    {
        "zipcode": "98101",
        "city": "Seattle",
        "county": "Arry"
    }
]